,eta,altezza,peso,reddito,eta_group
0,53,161.438936581343,70.9111967254235,28973.836569575018,51-70
1,57,150.4448978191781,71.02814113815188,24373.15512437633,51-70
2,23,177.63498156099962,67.89238968965137,27059.33670018743,18-30
3,54,158.93217208269218,81.53033606220816,54846.74782624381,51-70
4,21,151.14648904467808,53.07318895947551,25703.69035610877,18-30
5,63,176.22143352126065,61.44948247606406,35178.194051279774,51-70
6,20,185.54015752005841,90.86753151385716,20337.3363682652,18-30
7,58,180.9123568750299,26.617154804246056,29723.73830745257,51-70
8,66,149.1425696394064,64.16645942176068,38985.49969738917,51-70
9,47,163.71538552152452,70.33331734077781,19613.21767849688,31-50
10,40,157.56931446433205,68.722746764505,28991.935083721404,31-50
11,35,161.16931097415477,65.39295845728753,28697.659802735274,31-50
12,63,166.13886115557844,79.77975085919735,27542.66514842208,51-70
13,67,181.83444610856026,70.71826300188813,22483.91947917102,51-70
14,44,164.62305291981923,51.117035237430834,26563.900575140502,31-50
15,33,173.17769609929252,40.859987343163816,19786.90355474667,31-50
16,52,167.59383809445032,61.262026814348104,18609.99665813399,51-70
17,57,173.60451626983283,47.89214460332245,42555.02407531275,51-70
18,51,169.37958211697497,94.2379757815751,4423.557553850267,51-70
19,62,167.14487495190417,88.12326144181097,22469.38764812275,51-70
20,68,170.68079405901577,56.83118601770619,17128.356590979136,51-70
21,26,183.34037833982208,89.04640954917511,17203.392789876452,18-30
22,53,174.36529052661066,55.74245268446682,28876.006085545334,51-70
23,57,164.2608763430439,67.45777096435799,26415.6423474217,51-70
24,66,177.95421982664385,83.71719513866135,26855.6872508804,51-70
25,64,160.373985111412,64.67024959239293,16399.039412177524,51-70
26,34,159.36282738256205,67.84637373034889,31424.25056999776,31-50
27,57,148.02637946944603,73.28821509336639,44470.546774391114,51-70
28,31,169.37958211697497,90.03747389299346,47473.23161976245,31-50
29,22,165.224929315885,49.300935091851315,21733.561646587892,18-30
30,49,175.36786388599032,93.23765568944732,25364.99539314018,31-50
31,21,161.43283557002434,82.70553477725625,24891.063430675502,18-30
32,18,154.20529311425017,67.65641809611674,30977.636010669394,18-30
33,55,163.2484049560316,42.776647657072296,22466.463126773007,51-70
34,48,163.6707908915661,88.52186885745078,24948.105844361908,31-50
35,25,152.0382813678239,69.11185669425188,37389.606331814364,18-30
36,55,152.0582534639658,64.11281910453528,24587.759786848757,51-70
37,31,159.22428564314905,57.52942785044927,28487.151770113524,31-50
38,39,169.37958211697497,76.72345432615087,42456.92193221712,31-50
39,62,163.65123501541825,79.67758862003265,36306.6917518774,51-70
40,44,163.5297999559032,45.03384795457078,40216.94407950359,31-50
41,22,176.8498340299209,62.957585862374486,27471.65882091319,18-30
42,37,173.9840822679614,68.72865170858928,25903.478231385678,31-50
43,26,169.37958211697497,69.54839409418898,21714.29800302226,18-30
44,66,167.37458410907695,68.67890274939484,11709.992855898017,51-70
45,42,138.3738261386574,40.192970117379346,30229.778612716837,31-50
46,30,165.86319859659014,93.6375549745422,21506.268887105754,18-30
47,23,156.46556927785193,78.31200063804152,37976.81622552636,18-30
48,18,169.37958211697497,40.30106141922246,42867.32916241689,18-30
49,42,169.37958211697497,73.66307146605246,37479.034455906025,31-50
50,34,169.53002107992117,84.21889286601596,49960.11019376835,31-50
51,38,171.69489791665447,69.20158677504989,49362.023916423226,31-50
52,59,164.0941669042872,53.70339129640898,39237.9923492769,51-70
53,31,177.6918310023668,69.53734754996474,28785.623485941283,31-50
54,54,174.80929543981853,63.40218778695581,27827.340140169497,51-70
55,59,165.6856915138463,62.17823823651319,40455.210425207064,51-70
56,23,165.35146529329376,67.00256351310213,32534.610663513155,18-30
57,57,169.5988846908126,95.25855850013207,45125.42976196295,51-70
58,43,177.1437644391769,109.47713450394673,44648.254117910976,31-50
59,50,165.07603324274191,86.78869078221987,37404.975045494706,31-50
60,62,189.34424883431055,60.597509552597174,22571.832034563056,51-70
61,48,158.6271216991134,67.13527413312107,12140.404940629043,31-50
62,48,171.10839804470817,52.34634767403743,34216.602744381984,31-50
63,64,164.99868446825639,58.199620695233875,19300.473529733004,51-70
64,55,176.46748611888668,83.41524176841277,32390.46183999841,51-70
65,53,163.8017865553601,53.17818313173481,-258.1203278153371,51-70
66,64,167.03512145081015,56.487425086316584,28832.791441492453,51-70
67,41,160.72416723320404,82.54924379629101,18955.643653084546,31-50
68,19,165.51625847491206,40.486021131851004,23986.275142913695,18-30
69,69,183.35715354198334,72.03404732568346,17403.219770028765,51-70
70,52,158.62850611829566,74.14359368638634,35941.237550323116,51-70
71,29,162.39729244805562,85.48219482984717,-2248.9936969122173,18-30
72,47,175.95500518452997,70.97277429785632,20319.265077506418,31-50
73,53,179.90594444011964,66.32664053669971,14243.950520312743,51-70
74,67,170.85573595844818,55.664468402531966,21761.219752861954,51-70
75,39,160.93287488161258,61.522430753353326,23074.403735729677,31-50
76,62,169.37958211697497,69.9799015705772,33695.19296929159,51-70
77,65,182.06332589010887,69.53734754996474,35665.335410653235,51-70
78,52,185.54449542056767,69.53734754996474,23022.04484623926,51-70
79,53,162.38551801016646,69.53734754996474,39190.28342175823,51-70
80,35,183.2927557589872,68.71576875621743,32912.46806371155,31-50
81,49,177.55415989609608,69.53734754996474,34619.14330157938,31-50
82,20,169.00797797857356,51.29771572249072,20063.344012699243,18-30
83,32,185.20666693111616,79.44749552626865,35621.059182456695,31-50
84,27,165.22464311181633,42.68282653069343,32755.804743250723,18-30
85,37,180.82477078911904,66.90403826791027,33084.147659818285,31-50
86,26,169.48475146939268,88.69846382939915,35921.087875690704,18-30
87,30,168.66514194911872,77.67607295041526,16466.72172449198,18-30
88,30,173.0590358900745,110.9854700750794,40345.44022462727,18-30
89,62,172.9567757000734,26.695923181220813,34107.00293478889,51-70
90,50,176.11435579991814,82.01013654530892,11781.69289133745,31-50
91,53,173.340132572906,50.842267630328266,37363.73515752927,51-70
92,23,179.4807682464205,76.90118023860478,40116.43492778033,18-30
93,68,158.86671167035314,91.35351178043157,26128.702369714327,51-70
94,21,195.4383786351281,69.7903670156838,28121.804412883932,18-30
95,47,178.06967660460688,48.03419415971494,29758.557934107233,31-50
96,25,174.28907704560916,64.5929242981713,38677.97783168668,18-30
97,63,171.24400499899608,92.06441949046258,39320.65578131261,51-70
98,37,173.00187360503946,72.58763137679841,27239.625388148874,31-50
99,63,169.37958211697497,79.7846766992265,23072.910431728946,51-70
100,65,171.6289668236465,63.32268756481946,44768.283977635365,51-70
101,69,168.88184104381676,77.8434679566513,27426.033072456958,51-70
102,24,167.1900075257284,75.7283352922722,5779.233611555908,18-30
103,51,178.45580138818735,89.55495698132604,51038.09815857872,51-70
104,20,171.55704752995177,56.998258168451216,34486.43697682873,18-30
105,47,168.0476411356457,99.08031262430414,39692.34123415201,31-50
106,28,167.54340313953284,71.91087684987733,22236.662793222593,18-30
107,55,172.7547612498186,78.84361445684233,36110.29378398258,51-70
108,35,168.76427629351838,81.79703042721478,33807.75150800971,31-50
109,18,178.96244207380053,72.38054820030067,33210.56312330203,18-30
110,44,161.29910732298387,52.51658268252426,35423.41270613286,31-50
111,26,168.69058342873117,92.66370377383322,8863.839326328434,18-30
112,54,154.79906307679641,66.02105413107574,29747.437401343188,51-70
113,40,167.45306588170098,84.69830005268359,35185.444822581405,31-50
114,52,169.8631689112391,58.273707741571705,27255.261079394622,51-70
115,50,169.37958211697497,69.24588307177963,14599.359814636997,31-50
116,29,147.74774721107383,96.9855638141641,26372.883326746305,18-30
117,30,181.69845136072476,69.53734754996474,24946.833218424516,18-30
118,56,159.01292246433005,75.01339909277206,19911.596512054177,51-70
119,35,164.24427319783092,42.76247269913672,29045.12950191525,31-50
120,30,166.0063979365704,88.85922446699776,9856.08987551491,18-30
121,28,162.58311800831254,75.15705769776288,45445.753242536186,18-30
122,48,186.94322181726133,62.13327576570742,18953.193869176248,31-50
123,59,167.15607678052044,63.76625776140615,56251.50031936461,51-70
124,32,169.51547547963622,51.926014955446696,41327.14410102157,31-50
125,59,172.66961079695506,37.549769179046095,36679.4154233251,51-70
126,30,160.79801121946485,78.15035169010415,11112.284807084772,18-30
127,58,158.1527135348814,76.79000645444495,20663.618576058714,51-70
128,44,186.76557136700197,82.2174113003808,45947.70539707068,31-50
129,64,175.11537306603628,71.44683796923835,19625.33067034348,51-70
130,45,175.7566784920542,66.21345379701575,32084.805739202035,31-50
131,66,167.76952847583172,77.24368142864486,11554.67148476488,51-70
132,28,158.25605058364442,68.42237269898862,35942.79168311275,18-30
133,52,165.85565990175027,54.313069203212294,22714.437809266637,51-70
134,26,169.1415578037633,59.30628609417499,474.0777994587479,18-30
135,67,180.980620351973,55.48950735088016,26211.708903454226,51-70
136,30,170.17745930427355,74.52348450544523,38897.40303887607,18-30
137,39,165.8811687152757,82.15088318755532,38635.276004426276,31-50
138,30,190.7712819471905,71.21661816542316,43049.40262420148,18-30
139,40,156.69152991163935,46.78627509155386,22056.746866831563,31-50
140,26,182.74867737532887,80.15268456360486,49697.15136060323,18-30
141,39,165.3176486480138,106.0987817481273,17689.475886845663,31-50
142,48,166.7501283667184,61.53812324845019,14464.785179806395,31-50
143,62,196.92681610835098,75.37261948539462,30560.795879364476,51-70
144,56,163.21657364822963,63.411084127364205,28559.87445256683,51-70
145,50,182.59949682431173,91.3090467905977,34693.13225742467,31-50
146,58,163.0519566640143,48.329993612989526,16707.54629598469,51-70
147,42,156.4241873072353,66.26768435707211,10295.495230369128,31-50
148,47,169.3400422293795,67.92045674567864,38809.787825702435,31-50
149,56,169.77838008837895,89.18486147619643,33096.53464040563,51-70
150,21,157.7668232255602,57.3032984715545,25722.321780876602,18-30
151,53,167.31080631236162,104.65281828792902,19354.15777989258,51-70
152,24,181.35920549455525,69.55221137975414,28939.386970179243,18-30
153,57,173.49792426491618,77.39446483539938,37191.05423936682,51-70
154,64,172.51471201211157,48.76269386437133,30210.089022094777,51-70
155,61,159.7238171320534,78.32511233411012,30322.262372493828,51-70
156,60,169.37958211697497,69.53734754996474,34792.61845156871,51-70
157,28,169.4887052403341,56.96696762086714,11774.790817882134,18-30
158,60,146.67738442268896,75.1448782608035,33370.037174276746,51-70
159,58,179.91394991231107,70.77884061683159,48940.28905761813,51-70
160,64,157.38946760708941,43.3937778769977,41812.406399990636,51-70
161,58,156.276349065467,84.09892909045006,47565.688919955996,51-70
162,53,162.7249147148741,60.695423449895394,40113.8114551177,51-70
163,45,167.76747134358035,60.269828553978044,10440.459555878275,31-50
164,43,172.80685200339596,67.33972797290221,34141.454468176125,31-50
165,23,169.3032249816673,72.90030463684563,39544.19677980124,18-30
166,26,182.68292861032137,75.29331178933069,29653.143627849215,18-30
167,41,167.5121177595348,68.41281507783484,30467.449708814762,31-50
168,69,174.68294360562177,59.884442859625494,8410.479147446411,51-70
169,65,161.19002999031912,64.60779470238388,25524.700490049723,51-70
170,59,179.27896696629836,83.46217967371888,27024.714447218616,51-70
171,47,164.961498433676,83.90714567313604,24903.633001518345,31-50
172,29,180.586662627719,54.08378569821582,33862.95663728636,18-30
173,48,151.18619887452635,69.07719681094878,20211.188881981467,31-50
174,25,164.2682223031289,79.34337244084298,27880.479080835332,18-30
175,36,167.46022539653896,95.85536997298608,31278.7415942895,31-50
176,45,163.7522737740641,62.04674166153242,24324.813281379305,31-50
177,29,178.88467546533127,75.27593866990564,46963.56183036024,18-30
178,50,182.02459286483835,72.62297071573249,14184.30854663973,31-50
179,63,169.37958211697497,80.87316933905143,23247.375695378203,51-70
180,61,180.60147493533515,51.228953346232544,23202.689439716618,51-70
181,33,154.40672242313394,69.53734754996474,18415.4948959498,31-50
182,69,178.82061507825736,69.53734754996474,10573.737244931184,51-70
183,59,174.24625605524267,65.18249839763196,36796.11597812082,51-70
184,23,158.55171995159986,53.795378404899196,32180.92492329572,18-30
185,51,153.1178130147663,59.7780463200751,35435.15886878388,51-70
186,19,169.76143453972352,72.96357392667718,17605.96299610024,18-30
187,44,169.37958211697497,69.19589527744968,31662.160973432252,31-50
188,40,153.76416157383517,78.85404701337974,23188.43050925752,31-50
189,24,163.93300849352647,55.65428723501118,36524.17013637075,18-30
190,26,169.46314528171825,81.41316557168653,40547.35278457539,18-30
191,24,177.49448578986545,74.47618450055897,55371.7603679733,18-30
192,22,169.74361256100758,66.9407227309404,29227.54362131759,18-30
193,50,162.58393166508262,60.450946688743535,23939.80478894789,31-50
194,23,169.51476000498437,69.78282330165612,42824.40483214389,18-30
195,30,165.359423764225,74.90570241051131,44472.33152517468,18-30
196,40,169.81668030973384,88.90804012663887,40782.94055376097,31-50
197,40,172.91958314235538,81.4638196228203,20513.92485821092,31-50
198,66,169.2583248642674,66.62353874178181,39058.48839680424,51-70
199,27,164.90264023476092,69.53734754996474,6871.890430501531,18-30
200,42,144.48779092546533,81.16033557656853,32977.13492496576,31-50
201,24,168.66994133606053,63.30498787187484,13561.77900566574,18-30
202,33,172.98585096300818,70.70921943148379,23767.223447385335,31-50
203,65,152.07682920322645,85.40086583836846,8831.650922269615,51-70
204,28,167.6927603589999,66.00728505790174,50228.183874490394,18-30
205,51,167.29666306624446,69.85824354759059,22319.615913901882,51-70
206,55,172.88401037105018,44.85272318182321,43159.36156826937,51-70
207,46,181.0013312020386,89.5567323496594,34591.32353453563,31-50
208,33,170.1302214838291,79.75802583448888,31012.48713971469,31-50
209,51,166.2475959482238,98.10876778874541,36449.58988448059,51-70
210,37,169.37958211697497,58.88078544140539,40203.48190742036,31-50
211,23,161.74445960852728,90.01012361815616,41117.95849907526,18-30
212,64,176.26665367306322,41.71223630336892,33229.23978089167,51-70
213,69,178.06235341149377,82.74643341526,40568.549207035234,51-70
214,55,166.67125838933651,68.26999368546693,37113.75406203146,51-70
215,38,175.97748183784682,46.107028825994405,28833.72818756294,31-50
216,26,160.15159813685847,52.01993123224101,34040.55898639895,18-30
217,40,170.230051265855,67.31600677627294,59667.685858305165,31-50
218,33,180.23951667215147,65.23238918304699,31911.980068609715,31-50
219,48,156.52046843222666,81.51847392421668,8530.88047148032,31-50
220,44,162.9600771019672,63.40650173628381,42264.191792988255,31-50
221,21,158.7059326137392,70.02198091215949,30205.18571358625,18-30
222,18,168.63547460074813,77.22475992424422,48914.31355835905,18-30
223,55,171.76892348725855,36.86348878735837,31932.13316486917,51-70
224,28,180.88499695837905,72.3764384907401,46589.53225666871,18-30
225,18,156.21294772750653,69.53734754996474,44987.09278014724,18-30
226,33,166.47848157054688,29.178252675516234,30200.946933378942,31-50
227,21,159.8639833231694,69.53734754996474,36688.55728506053,18-30
228,48,169.37958211697497,68.67074330571013,19502.16912802915,31-50
229,25,183.9652284465784,81.82269590162254,35188.83299673881,18-30
230,44,170.7381404536777,69.6482039393637,48204.494760186346,31-50
231,42,165.93052459766562,44.12848852236026,23179.608465277393,31-50
232,52,166.80815359276016,79.53586168392418,36232.41963684764,51-70
233,25,175.58735596879995,80.57563232077037,30223.920308534678,18-30
234,24,169.4050913096333,58.943807572148344,15666.101764585223,18-30
235,60,173.13864574315383,49.4429530293545,29151.821764416065,51-70
236,55,157.33260622313793,95.35936879279299,32435.334897615812,51-70
237,48,166.27907559752154,78.40011915119463,44381.63664779453,31-50
238,18,173.7742220551965,85.39208410829377,31020.265466350156,18-30
239,58,169.37958211697497,69.43722478589022,28087.891323495747,51-70
240,56,178.55595462559648,74.38952247923751,32383.02594534474,51-70
241,47,168.65284133892865,51.88985225355904,44836.42437735271,31-50
242,24,152.43531259099564,99.49519218529662,16792.034191079565,18-30
243,31,171.79468794086327,64.87094144629214,34325.60922394925,31-50
244,23,182.49920413039553,69.53734754996474,27232.169669288058,18-30
245,67,185.72715174600344,67.14586634796183,18115.52943345633,51-70
246,44,161.31141896060203,83.50172815215275,18558.16993335531,31-50
247,35,172.41454700361132,47.91990002130525,42449.94035752768,31-50
248,57,154.1222803730319,81.54277502843432,36853.17076569887,51-70
249,31,166.3572647673605,43.59059440152382,20202.048073008827,31-50
250,57,158.99300518385695,82.48899672698886,18102.157141555275,51-70
251,56,172.05984254667655,74.11426208721993,28627.33251799055,51-70
252,47,169.652870348535,85.512549555717,15736.839042303773,31-50
253,64,163.27031123559877,57.36500937131006,20014.70382489691,51-70
254,27,157.87347874181768,67.60747084328425,24564.655697232276,18-30
255,38,164.94382933859805,71.23622845745896,40021.200811010676,31-50
256,55,149.14956965305123,63.257745053174794,33078.96521967762,51-70
257,33,154.19430729851962,81.1045427920516,31767.382611878016,31-50
258,67,188.36950072067503,83.04541916790946,49270.47900498299,51-70
259,40,177.49383006915613,77.94009780331291,32621.687353348145,31-50
260,35,157.58082356141716,89.89959370281014,22891.966639199723,31-50
261,47,177.75138847307477,44.4323435003256,20360.82944368587,31-50
262,33,171.1950179846273,69.62756003130919,46817.76379310238,31-50
263,39,182.28650835830965,85.1240759489155,26003.038031887223,31-50
264,39,168.76263873425026,69.53734754996474,32190.405843253116,31-50
265,41,174.17289964183948,21.796522899987167,44048.12955078593,31-50
266,51,175.8974636319684,69.53734754996474,18000.030685828144,51-70
267,31,165.60381273317716,43.91655152701409,17329.41305928881,31-50
268,41,163.117212018341,55.79974558005303,32417.038069680944,31-50
269,67,157.30148056866403,78.99250895003229,18650.671571556017,51-70
270,26,179.4190026829335,92.97117321651601,36963.53419041622,18-30
271,58,169.37958211697497,49.371208043465714,32456.098013924482,51-70
272,68,169.37958211697497,82.7833426942722,20511.307919628805,51-70
273,39,173.25333570813652,56.84204989486836,26631.81655696856,31-50
274,28,161.0595247288754,73.4397040802899,24498.164456848637,18-30
275,64,169.55619877541773,73.79796635600707,43393.346213833276,51-70
276,25,171.37388173580712,50.36342845439225,29619.822246144606,18-30
277,20,174.18194877893262,100.39387838864083,29494.550148983722,18-30
278,68,164.02611084644846,51.8755331778988,21284.605852705503,51-70
279,32,151.30091612711794,51.83329010126744,34238.93055002126,31-50
280,57,174.20045422272278,83.8836203985499,27172.62428591449,51-70
281,34,175.94909146019864,82.0949210631534,25726.558246208893,31-50
282,26,171.13084577029034,81.65989272622092,24040.532971083085,18-30
283,43,173.83905737755123,95.90481913895611,15751.15893638539,31-50
284,41,159.04558044836386,71.48328990550495,28372.837104068236,31-50
285,37,176.95271155944315,91.40747095858652,15670.81213430847,31-50
286,63,172.81412773453326,67.78368223797847,31103.998541199497,51-70
287,22,171.12242801240112,71.02722407900377,23165.872350661335,18-30
288,51,165.57251244562246,67.85398072642226,31550.140757764962,51-70
289,23,159.6524313302678,76.72378168723367,41130.600919988174,18-30
290,63,178.97089469356945,69.53734754996474,33219.52265832537,51-70
291,63,171.0562917997815,68.7034755886732,28798.867163614123,51-70
292,19,165.21571485321536,62.83575773775137,28299.14025472721,18-30
293,53,172.0528004199066,73.21175218147594,23646.42758516031,51-70
294,43,155.8482373875105,72.65949225997356,35904.144413279995,31-50
295,31,174.64598540750373,70.94875320625142,39711.3554194243,31-50
296,53,159.93196805751134,60.42580208059838,33776.498303427914,51-70
297,65,164.04242121199235,87.15261754445815,41910.0249653447,51-70
298,36,166.94032102109722,75.74233923028349,26952.83835957852,31-50
299,19,172.90344603187555,79.24617968770963,-9645.195605095825,18-30
300,26,159.00159149540139,104.80198499181765,18807.892592641918,18-30
301,29,183.57715086150628,64.48992732974631,14345.376337121132,18-30
302,34,162.75224279262926,60.01440618929348,30388.86185371225,31-50
303,35,181.86234473536643,24.536988716118422,31526.443134653524,31-50
304,54,180.6351854373195,110.72842547327522,35745.309033585785,51-70
305,27,173.08489563468174,90.79805466264172,36941.916186130635,18-30
306,43,163.52453820291328,51.792461866416446,20397.27253569869,31-50
307,57,154.61869777402657,38.86466193795089,21467.73274228552,51-70
308,52,169.37958211697497,81.8367164939538,17723.874242992883,51-70
309,64,184.3568633088906,57.67613020466238,36780.191669580105,51-70
310,41,172.0468672841296,92.39644185085504,42779.75990631124,31-50
311,18,170.6219554191844,52.78452570563594,52349.83070331009,18-30
312,51,159.94632545539795,43.496813213223334,40339.20983487025,51-70
313,49,159.0706174114348,60.32801535970578,39059.769294664824,31-50
314,66,175.02889285769785,75.32813751611627,35480.7375994143,51-70
315,27,165.99548646080353,63.42226374160409,27500.46745322949,18-30
316,60,169.89088164981627,69.29967700196205,28141.969076518137,51-70
317,55,167.72625303630994,80.01529106716733,35709.491049514756,51-70
318,59,185.14287952545868,62.26302244499473,18026.883804195364,51-70
319,34,185.96776153747456,58.291410217320724,27060.731315163663,31-50
320,34,175.4101622691543,69.53734754996474,25412.092562325473,31-50
321,20,172.1523782798645,72.79857328694605,32573.40544244074,18-30
322,35,171.94416830457251,58.395397293224825,41586.63033308314,31-50
323,54,183.81679404712747,70.40543650024883,31247.01272318478,51-70
324,54,177.07156377541816,69.53734754996474,33890.23645509702,51-70
325,64,161.19280913537156,51.939158432252896,31843.46721568561,51-70
326,53,146.8662307516698,106.13278435217495,39652.7372324371,51-70
327,47,169.85818473059737,65.3873017791225,46110.1108562041,31-50
328,51,172.57000013658046,86.38344120711558,31706.488256696895,51-70
329,58,166.7102196392335,69.08878558851576,7372.220773595935,51-70
330,29,183.58283285061955,77.30520354671596,20609.892679844335,18-30
331,33,159.94885146520895,52.856873248813365,25883.09045033457,31-50
332,68,160.1133445408362,79.55536507832952,32227.194845742943,51-70
333,44,177.81851049360532,72.66993735597731,21399.491608258468,31-50
334,26,179.5599214060807,49.39536300743987,41663.5461013,18-30
335,62,162.53936008670672,62.79591471698207,36181.80732923824,51-70
336,56,165.4583015650568,31.700086590614262,24539.182237143614,51-70
337,42,180.84034839321737,76.94609155214982,45966.73437298668,31-50
338,28,189.97309967358427,67.89017670703421,49046.774194192956,18-30
339,21,172.32684812107937,72.67218308775341,21008.106904289165,18-30
340,52,164.83217785578927,91.59966068601494,39942.35142999793,51-70
341,41,169.51062152614716,70.93661616496978,21959.21730429335,31-50
342,24,169.37958211697497,84.36512133862459,18056.188512997127,18-30
343,36,171.99169288237337,86.79518743830161,37520.00302653616,31-50
344,64,175.26608344700233,58.216486722843264,39127.580591884514,51-70
345,54,164.2774537623505,84.7746230000707,42277.38151075854,51-70
346,41,188.87186372409545,70.60066937398442,32475.535504704523,31-50
347,46,174.78301323116955,75.17882020146256,24715.449547927758,31-50
348,32,175.34273887110496,83.60793262880722,13589.117212850284,31-50
349,27,170.40533911433454,55.15202128829165,28754.618228056563,18-30
350,54,146.58670701003138,48.768681297077585,39265.706129223996,51-70
351,34,176.26530587401248,91.94392404649935,26904.803541491492,31-50
352,43,178.538546466095,50.16264111830617,35843.38973670145,31-50
353,33,161.42761329732437,93.29151446348246,23922.950699453548,31-50
354,44,160.77555537907463,71.85362452769672,44344.617811877855,31-50
355,65,171.64177296795503,67.55908117823083,16692.269646843008,51-70
356,23,161.4802407609659,94.13569185063025,21281.10001737431,18-30
357,33,180.48411471912382,97.54805733925281,15400.01012374614,31-50
358,42,166.2920178975011,55.65725958990415,23298.803280193995,31-50
359,56,159.8911211490688,55.02977911747897,36002.03228675257,51-70
360,66,173.1102095007225,86.2529367665108,36150.886775035935,51-70
361,26,185.09827487880187,61.6679937001814,14520.23722765812,18-30
362,67,159.88304150663294,44.397504735713305,35090.51338274023,51-70
363,46,169.37958211697497,68.36477386382901,19638.40998939687,31-50
364,68,161.6461250271535,69.80721509600538,47725.3824524779,51-70
365,45,175.1647827748483,74.56286405959689,47101.38509740609,31-50
366,18,184.49318605689174,46.93638775841624,23412.115136715547,18-30
367,58,169.05081752266085,62.92437591046884,27334.837856173777,51-70
368,31,169.24516722013604,61.785837803229306,44145.376103406365,31-50
369,26,168.314180677323,86.35760962498594,27982.461764986692,18-30
370,62,165.6119278222346,69.53734754996474,18582.269013014135,51-70
371,56,177.2684693000443,77.08650792480316,36852.75359151747,51-70
372,35,181.52557548610991,55.69712252163359,23674.975595628795,31-50
373,62,170.11721756678054,65.72096521694888,17951.659339586717,51-70
374,28,164.38095949346268,58.71730145488012,31037.69114907836,18-30
375,43,168.26760214568571,88.11192174012963,20175.001238449346,31-50
376,34,140.26196886755167,92.51902927237019,23040.19569596032,31-50
377,35,171.90776944560724,85.06090703097394,39387.66665317462,31-50
378,27,193.17347578836637,76.87051886976687,37161.6600431743,18-30
379,23,189.54117755720154,89.8549697031936,34672.61024278719,18-30
380,40,168.1920265750025,48.02213418788166,23558.463545057006,31-50
381,47,166.89519813034232,58.992435978348865,41563.7503281295,31-50
382,28,169.8300435835171,53.09040134234254,19469.00143993223,18-30
383,55,155.498888305053,68.1571631940323,33384.32739187146,51-70
384,30,164.55866281937148,59.61116721344352,25538.30606299958,18-30
385,23,161.97951884958326,90.78973573463233,27237.08370309303,18-30
386,26,153.75047220497248,80.36950530313884,33129.80585454175,18-30
387,38,172.85282917136132,76.90912741685523,34723.52098943192,31-50
388,27,175.90297447418004,85.7186121523352,20570.941760541868,18-30
389,65,180.6823000944156,69.37473491791069,41202.50656142448,51-70
390,32,177.44739824451108,73.16961610040346,33165.0997330647,31-50
391,32,170.3119452361282,85.56675576043278,43137.926051613875,31-50
392,53,171.01153116586707,47.71290070428591,47779.062233109245,51-70
393,18,154.64570455346987,71.16388325351008,35209.173600620976,18-30
394,56,173.986590963066,97.20159623882893,29675.57002086728,51-70
395,58,170.2069694896405,68.13526048883314,43819.39785838037,51-70
396,23,166.63306067431458,62.31137422859046,54335.64762841808,18-30
397,51,158.60429783490886,81.17006381894308,19296.668159162247,51-70
398,53,183.49449713134703,88.3854828256498,34943.94438660272,51-70
399,63,174.77242191347003,67.72132063248623,23536.43751446099,51-70
400,48,172.20976361459256,71.6702808092303,33653.40749791717,31-50
401,57,176.18059392542196,75.93457352265655,15895.92304242181,51-70
402,24,172.82952277865948,68.29772259661272,37180.758123972555,18-30
403,63,185.2637460071293,48.5677154925976,19026.502853179518,51-70
404,57,174.80247063262667,52.5064143234785,20575.70886664106,51-70
405,19,168.75580136954687,86.84427412981296,34495.96785106164,18-30
406,37,182.39742745390447,77.16297029437362,39476.235527181256,31-50
407,21,153.06361773610183,65.90819828522551,38609.88208127572,18-30
408,66,169.37958211697497,75.06842920931595,34563.475476846004,51-70
409,42,164.65618570817173,80.63010774466935,13284.289784020435,31-50
410,53,167.847850909714,82.0464962191172,21767.09329405015,51-70
411,38,173.74937300126925,70.6738854124068,25971.431601301345,31-50
412,30,176.0282546895248,54.20774829267171,37435.08276321636,18-30
413,34,167.77770369213997,88.42818191041817,22558.129450140066,31-50
414,18,179.3546593194393,94.13697430526169,33007.69183286128,18-30
415,18,181.704353924145,59.51849637353126,28569.74786202741,18-30
416,21,155.53018179616072,68.19280551373602,34140.2863395059,18-30
417,42,178.67891858576232,69.53734754996474,22915.970062555796,31-50
418,34,171.5160393159561,86.75570528111382,32429.84290407847,31-50
419,48,166.37899478326162,88.27405656032481,30363.29732722913,31-50
420,40,169.37958211697497,85.4426921471863,42504.1103043602,31-50
421,18,159.83003375616224,74.01371451336816,22942.0928264065,18-30
422,55,152.3016600524247,74.03203954159439,17446.212319642917,51-70
423,58,180.7170369389393,88.59431393892899,20714.87561598046,51-70
424,33,179.30217200109453,47.34767874141859,27887.603980285345,31-50
425,37,171.19272240123232,68.59962279991636,41489.88050424864,31-50
426,52,148.46058848580495,55.373178472765645,38778.26947416442,51-70
427,57,185.37836024976087,45.90726439044843,23119.469986354678,51-70
428,26,154.07847951888192,101.30925162177608,30128.1264073705,18-30
429,63,168.04792992573852,77.71248572135825,46830.27593081448,51-70
430,57,180.18213842936953,69.3315433922145,34943.41295077465,51-70
431,26,163.05767191220468,67.42177057973464,44479.784618411075,18-30
432,28,170.66344290617795,83.40421099604023,29061.422231524684,18-30
433,68,177.77030318810557,75.60446696648597,49706.92796388708,51-70
434,38,170.7995540183445,52.62442387196049,20677.630046275866,31-50
435,53,173.58383945637763,56.50408239670837,46339.79813770251,51-70
436,26,158.60728655381294,71.71494221487316,14691.422076283987,18-30
437,67,177.68767629531908,83.03794101520047,24897.54768855564,51-70
438,28,184.33964135312138,62.69916905235925,29604.273976383298,18-30
439,66,150.38105223936995,69.53734754996474,28032.22972112005,51-70
440,61,169.1445459831771,66.37634478094017,27289.478348574903,51-70
441,36,183.88659954649316,73.8272282650493,42225.70453166631,31-50
442,44,184.64571935091632,67.28278434855662,49874.72918190065,31-50
443,45,158.96498005663273,33.47446638442522,21923.606720599975,31-50
444,53,172.64611310873465,100.98563978242157,26768.961945629133,51-70
445,27,147.8120250989399,93.36520473974284,41080.99050903707,18-30
446,31,150.63117656209246,79.33414693809075,28892.73370949503,31-50
447,57,169.37958211697497,82.97190031305922,35728.84759324723,51-70
448,60,185.97536516192693,69.53734754996474,25076.33116716637,51-70
449,63,172.0519859997346,65.05003826615723,42410.64948800465,51-70
450,50,153.7455237358368,94.33978518779816,39015.66056970344,31-50
451,47,169.37958211697497,100.10837915341354,37167.29705031599,31-50
452,36,164.8749706178362,79.82809270894691,34606.354536924955,31-50
453,62,158.57272006995373,66.27763651487498,34661.125548816664,51-70
454,26,150.38492563960858,49.05376869547976,29104.216171353033,18-30
455,21,191.00628481293256,66.35296231071656,27156.680209176906,18-30
456,42,164.80022263955746,62.56761438269908,24941.08572629554,31-50
457,63,180.99851650675532,55.149169260854265,8540.70462994129,51-70
458,59,167.1739667023731,47.03719654847955,31777.056438446838,51-70
459,22,157.30472233202985,98.40248817025325,31613.343116999935,18-30
460,49,154.77111029076147,61.415052719164294,35319.90575417177,31-50
461,21,171.41226478703837,65.48262111713352,27942.505184136207,18-30
462,34,183.98283090959214,62.60910633878118,22013.338449237774,31-50
463,36,181.88443126725699,46.02157584897034,32354.424282970762,31-50
464,28,174.67706102057625,61.78828896631822,25544.709868847975,18-30
465,34,171.6858689504326,79.71480459910423,22610.096991018992,31-50
466,47,165.9410591757255,75.96150213875548,26378.4100060232,31-50
467,34,173.96397605453367,57.760054071887645,37250.54734565848,31-50
468,46,155.76214684794215,64.22037945637705,35018.378906678976,31-50
469,26,170.23890464947974,47.17337155350583,39774.45128170859,18-30
470,18,179.309719589242,99.9925134617542,29334.61939913608,18-30
471,66,182.22605459781056,82.86724421273486,33276.58720972974,51-70
472,27,157.89571892748353,60.447759651325825,45980.95406666264,18-30
473,40,174.56691183487277,54.06693799880421,38871.13051936057,31-50
474,36,166.8184439177846,52.91811075745714,41608.39290138734,31-50
475,22,163.5745845327507,88.82204645659675,21362.75783765174,18-30
476,22,166.22762267849942,48.01394858253113,27850.457205584175,18-30
477,64,175.35062504136607,57.084475707335024,42677.082735838856,51-70
478,20,173.4214036575395,58.916377887993555,55904.35158386381,18-30
479,38,169.37958211697497,75.71951823186772,19543.8324430875,31-50
480,43,172.71508316919096,83.78010748055362,8935.76230262576,31-50
481,41,179.56502828318918,56.050347105418254,14936.846431020816,31-50
482,38,178.34021810354082,69.53734754996474,34091.26956120357,31-50
483,20,171.7689640561394,80.56642212383701,16393.799613395706,18-30
484,30,167.57916976274313,55.527999628846175,33916.20770636132,18-30
485,46,160.58051981475737,70.88195479365483,28643.2613225949,31-50
486,34,166.7690743946063,80.2533386817175,11229.945985644841,31-50
487,32,176.51077392758427,62.08757185268421,39184.961715351965,31-50
488,54,171.52161498119978,85.48239439994269,29880.70523003904,51-70
489,58,181.01666217105267,46.66793965217281,35527.007895604256,51-70
490,44,168.53374594666622,43.51869660563866,32308.22479429841,31-50
491,38,168.03127970253888,82.19508718410273,25726.339738057897,31-50
492,59,168.05890423659253,56.63684724080617,27323.839760545543,51-70
493,67,158.83886630970306,66.13258888600572,14953.684729400362,51-70
494,53,170.26836424208307,92.22932015874312,41871.94812970444,51-70
495,18,174.39567611372073,90.19645621226125,25706.005084487235,18-30
496,64,161.71530395415536,75.95311203087778,33450.20411068099,51-70
497,18,158.6388929505413,75.96248745833621,26965.101624406045,18-30
498,57,157.9053693336818,73.15630069569866,37435.25945081743,51-70
499,55,155.44891689233802,44.56179408338129,14479.945969217946,51-70
500,60,163.66994758690717,64.187016346143,32389.76216424832,51-70
501,64,187.18479833699487,69.53734754996474,40699.73032185063,51-70
502,40,187.96084044477874,86.10703822132712,39392.285196653225,31-50
503,19,171.2332067464135,75.71332078230644,35407.56668650326,18-30
504,24,170.29572551438284,52.11389032283639,26670.58443320334,18-30
505,53,180.59430336054683,66.58801733748079,7815.4089046657755,51-70
506,62,173.42858477052638,65.5390867773902,15995.327187496028,51-70
507,63,170.20877451861523,49.59218561681976,15778.99234140825,51-70
508,23,174.50245682173045,64.79907685798912,36422.57834893522,18-30
509,27,163.00398261310778,65.83660399471289,26406.11438620914,18-30
510,50,175.3413064302286,69.26890965391487,13751.694871143318,31-50
511,26,160.1574339882363,77.18838946381577,32150.26735671792,18-30
512,29,160.94217929083734,71.0494308727639,27010.729656338837,18-30
513,26,168.8565798607592,94.769872280721,34692.15046954096,18-30
514,23,161.72096310149414,69.15986508855163,43263.303667887776,18-30
515,40,186.54421335862543,63.70490623034149,20924.78633712156,31-50
516,19,159.9667521366337,55.54444369467617,44081.79192085368,18-30
517,24,169.37958211697497,67.30017866764004,46122.99195514874,18-30
518,48,166.48806573673497,81.03307413887177,48276.93164535089,31-50
519,29,164.16775305239423,76.17650451535383,42777.29618449865,18-30
520,48,158.64067863846986,61.247115676259035,15782.418861787819,31-50
521,35,167.67306163359703,81.77236615081227,8589.223060071108,31-50
522,56,184.37397406128505,75.27413159303019,30190.45708900786,51-70
523,40,185.9194664083728,69.28833773937012,26916.84105034581,31-50
524,26,143.65682001673443,77.18227850929578,23172.034259718825,18-30
525,23,169.37958211697497,103.22585290435288,19401.88368231534,18-30
526,40,171.61879974766111,57.70803878142853,29570.545668230512,31-50
527,62,169.37958211697497,89.19673441713985,45142.11691083964,51-70
528,55,189.14220188864067,68.77403269173395,20588.84892073064,51-70
529,32,169.37958211697497,54.70187685818453,27404.644752000822,31-50
530,60,176.7975984703059,62.62520431894271,22390.913766839527,51-70
531,22,192.68943915547194,77.53823084015167,37353.89168532832,18-30
532,54,154.60424367944094,76.9374813500542,19234.00335824845,51-70
533,34,181.26294858961597,69.31404965713098,40314.383527529644,31-50
534,23,166.65141889858913,86.21209645164457,28661.135030175,18-30
535,32,169.37958211697497,48.17436627724504,27719.217777457092,31-50
536,49,163.2497488845624,63.71011192331576,39137.44734727028,31-50
537,66,165.26495195668883,89.53504841899921,27469.7765274994,51-70
538,42,167.25229996132836,84.03322520102907,27814.312103501223,31-50
539,54,166.66300024701394,52.57567892156246,11907.668104826389,51-70
540,55,165.33447985807481,49.09632328667908,13142.34468713373,51-70
541,35,154.56318308341193,51.123372436649916,27184.094904134057,31-50
542,21,160.8512702022299,95.09404426337554,36394.94916010689,18-30
543,22,173.65180136742796,39.6979473567257,38739.66596670041,18-30
544,64,165.6108114406442,73.07822068341513,36329.13079125535,51-70
545,27,181.26712504330052,71.76607684118927,25607.817588275742,18-30
546,52,170.96241480866166,68.42270828185909,32268.923065199844,51-70
547,52,163.1457643124767,82.5173621651729,16433.069636598084,51-70
548,68,186.13511151330613,87.82170935691524,36431.30057017077,51-70
549,28,178.84124203362626,80.5186008020784,33628.39010750241,18-30
550,62,156.25500877527824,59.4537082631889,46331.34781239527,51-70
551,39,170.0570220915561,77.02165109731519,47071.78282725171,31-50
552,51,169.02948137134143,57.813209915267606,14948.977074980392,51-70
553,65,176.63664069776388,81.66658043216847,20686.03727116192,51-70
554,64,184.5345585632125,73.4109191119663,27611.188872834355,51-70
555,48,165.26477016186513,66.40237782869228,40693.41793463956,31-50
556,44,162.28531004863157,69.53734754996474,19531.831024849565,31-50
557,68,155.95752611753008,71.05490745373689,28165.62325978807,51-70
558,40,168.82468792768586,36.095553331687974,33464.66944246019,31-50
559,66,163.62786805490856,65.80444362743462,16039.372387363215,51-70
560,60,178.59858525342767,78.57937831339909,36687.7943559081,51-70
561,33,171.9621858167669,65.61272220191955,32038.50224816685,31-50
562,60,157.8433143017921,85.19201059631934,31475.91127337551,51-70
563,64,164.8426514987874,78.60882876804321,28294.353180667746,51-70
564,42,168.19933895605706,72.09624343455592,42090.713448356735,31-50
565,27,166.14784386460371,70.25364333005834,31835.693229874498,18-30
566,57,169.37958211697497,62.20990742566918,16027.19325677355,51-70
567,58,161.9526722494566,63.53725293989098,32874.17642249072,51-70
568,38,173.31051752903406,72.40894815109476,28793.58861946716,31-50
569,32,177.0093335729502,52.769553592397884,43837.4229787521,31-50
570,53,163.9388093536529,83.2662900396452,38501.791327154555,51-70
571,26,182.88081274202196,83.77803964826994,25016.45579455416,18-30
572,46,194.7086628402514,67.02928123195358,52607.691080359415,31-50
573,25,160.5507635681882,94.49108373270928,32672.326567919223,18-30
574,54,166.083181924911,60.58197449128588,17966.546114590914,51-70
575,53,165.44150754090438,67.37762079315824,43114.162666961536,51-70
576,40,174.2789462058386,74.80854286569152,31793.635020871763,31-50
577,23,187.42109491956177,67.14480439951289,11844.885223723282,18-30
578,65,175.09917267296316,51.50803528227047,41279.8270496647,51-70
579,32,178.45640055286327,68.8028484632865,33047.88507164122,31-50
580,63,176.61244892985954,61.52787305675087,28693.14996335835,51-70
581,39,166.24061291928413,96.52623845430432,28551.863418269993,31-50
582,22,155.3515178850656,73.92504640253414,37078.63587284209,18-30
583,40,160.27016938805062,67.47170054560101,43448.77766647887,31-50
584,57,171.48814797964792,94.0947107071661,25303.118486675336,51-70
585,26,153.08716774412406,84.21590259460336,36118.67555603976,18-30
586,20,171.1233996575482,53.28699688425313,18430.105701475048,18-30
587,31,166.51055988956062,84.52502504754472,47371.15600228596,31-50
588,56,147.8036395552989,35.90978785017268,19931.484096512984,51-70
589,66,177.62663538107537,66.05351713019016,31297.79946397282,51-70
590,38,183.21608663488772,55.63154120571266,39971.996875166966,31-50
591,22,152.3067207486427,79.30697919933294,26759.961179161004,18-30
592,23,173.3943962695415,86.86002729151592,33706.93646530588,18-30
593,36,168.61492082258886,82.06519260302598,40644.98066292108,31-50
594,58,176.4251869340879,60.81232777546399,16741.049060428068,51-70
595,69,171.31843502761464,62.78912737062139,15222.8189619703,51-70
596,44,173.26528326649964,55.48717660233878,14899.872493513942,31-50
597,67,163.04931663978869,59.8402610513175,33182.18508058553,51-70
598,60,176.59712482069716,69.53734754996474,41342.95765456601,51-70
599,35,178.68138566307277,69.53734754996474,31153.37977694922,31-50
600,50,174.07116363479628,69.53734754996474,21238.403813868794,31-50
601,58,180.47656653458702,42.5520529792924,41817.778824937035,51-70
602,41,161.14862831723485,77.95934203977556,25084.29815447788,31-50
603,34,163.267805805794,79.4039781191849,36635.537680850786,31-50
604,18,170.8162951176556,108.26646568332333,31310.002584747832,18-30
605,32,147.89429086044422,90.41737204917456,28771.352116977305,31-50
606,42,175.06118574435055,53.45577378571667,30992.696611258943,31-50
607,51,149.91226872915067,54.799146655140866,32169.255882331687,51-70
608,38,183.55112873832127,43.99733707841933,26881.057288345466,31-50
609,69,163.14359025273464,75.39890954347393,22369.95843656489,51-70
610,43,168.3846421150954,95.2976050249551,8348.530653203125,31-50
611,43,164.2934695367055,69.53734754996474,25020.6606576855,31-50
612,23,186.09754162245628,49.16695679376388,29378.530892327304,18-30
613,53,169.37958211697497,79.60512219463791,28099.201491665866,51-70
614,45,172.68215001909056,57.56331623258086,30790.64655215262,31-50
615,53,174.89437305283985,49.459132841664584,28583.95997207195,51-70
616,68,169.9186067190601,52.653991106597616,36338.71714986318,51-70
617,67,155.6567925793722,63.88403465418553,43674.860120849014,51-70
618,22,165.81155087795995,104.67842335224583,18431.50719155112,18-30
619,32,161.12707549963184,82.49732256902911,15861.43249835561,31-50
620,21,164.81424691781055,63.21052553317173,21545.614848319576,18-30
621,39,169.37958211697497,60.33204937803076,29291.904353905586,31-50
622,66,179.1307612404386,72.02103889058043,20522.12652084499,51-70
623,58,162.14838164827088,43.97329918660449,43098.45827076721,51-70
624,65,160.42624284447098,69.94688165693816,42740.06070378742,51-70
625,28,170.85114824731204,100.76237979971505,20919.733845132097,18-30
626,34,182.45052236420682,83.86319697976751,31334.19336773809,31-50
627,59,173.61897822720638,47.482231885017484,7447.115104927154,51-70
628,58,187.5018819426008,62.47741799673175,21780.919236479844,51-70
629,21,160.9024806373012,83.84160372548536,34582.639311399624,18-30
630,28,169.49023560756416,77.53383930589666,30903.86386337081,18-30
631,27,163.52786383274943,49.966173888114234,37150.23298526612,18-30
632,29,162.72859993316905,39.09568110372823,20677.343379395636,18-30
633,48,167.65863569840548,54.94170822785745,27532.649416737942,31-50
634,30,164.96140596266605,63.35672158750416,34531.79497592503,18-30
635,60,171.5084522777438,70.81367408373667,32500.21222629963,51-70
636,41,160.26985260621265,100.00698074886765,31843.213425383205,31-50
637,51,177.59041947546785,75.55181023115021,26307.078296478787,51-70
638,33,179.60068704792388,67.31981568663973,30801.3878705224,31-50
639,44,171.8607667121447,70.94196363753656,41706.693419835625,31-50
640,62,187.77905907069646,74.28369194993483,44814.759376230955,51-70
641,26,168.99402345492544,75.22711867532563,35250.84241321893,18-30
642,67,182.93908969526956,69.9185625363239,20791.47099400261,51-70
643,62,179.38590065165081,74.16545983789419,33323.17032010007,51-70
644,18,172.33787926546378,74.06904989714572,43959.993791202265,18-30
645,50,180.8055597797611,88.01905031310987,31165.531295126406,31-50
646,48,161.98918041727612,48.122551901659364,23090.503785855097,31-50
647,37,169.67305906494178,62.91359216823484,34941.7881851437,31-50
648,26,168.67460310088038,68.39135139597104,20757.525590370584,18-30
649,29,145.02341769089,75.81909931139327,14564.48765903339,18-30
650,34,179.9954219594098,55.496041405722494,21078.69428873495,31-50
651,31,180.71919114113118,50.695661734025165,37133.79080868385,31-50
652,19,169.70368481839347,67.30283832236123,31067.916682406238,18-30
653,35,163.61308371352328,81.0171723661016,36263.1272729418,31-50
654,21,161.00359554858318,44.42744382646259,29873.46305092546,18-30
655,64,170.179783119976,64.59638829732602,32543.21054699437,51-70
656,20,171.51243317148055,70.47282312628991,33190.109885624996,18-30
657,29,152.0101989391236,82.34980072424617,38621.68932071098,18-30
658,56,176.59743823689206,56.75868207619968,29311.113425448715,51-70
659,31,169.96665028198396,87.40083668330698,37849.14350888856,31-50
660,39,177.03410714567545,76.53004487667371,29524.334035704727,31-50
661,45,169.37958211697497,53.76160093010155,34262.90704441715,31-50
662,60,172.7756630280284,84.33426092757703,16416.35835945564,51-70
663,48,177.13959803164525,100.80812148373934,23849.49271898804,31-50
664,37,152.6475585774779,54.64554502359215,41717.13615829246,31-50
665,54,166.24048348629432,87.49979015095465,14632.822556735628,51-70
666,65,182.55851575762142,53.40124642733744,38710.21128126444,51-70
667,59,176.3039563900316,90.98281561348244,17915.760825048863,51-70
668,38,150.34715764596513,64.21373705097074,29560.90131438018,31-50
669,64,173.1259736512191,66.13973191279715,32599.81900438985,51-70
670,42,158.12942328788913,69.53734754996474,21554.487530215585,31-50
671,69,164.0393962852191,50.769620739023,19790.516425637048,51-70
672,30,145.46141128305632,72.35786587411106,52221.40145712848,18-30
673,29,172.68614620729872,69.53734754996474,33324.613001974736,18-30
674,41,165.0420487489218,51.153922679896056,25010.715483197055,31-50
675,24,163.38529527387828,57.070832523755435,25546.454159625067,18-30
676,36,172.85875470805246,55.171921200996174,13826.223698516835,31-50
677,31,175.13884668263378,30.14977711712747,24680.12956691408,31-50
678,42,174.4924147141121,74.92193363461242,38528.45057196748,31-50
679,47,175.35243400053932,69.53734754996474,24018.85808056336,31-50
680,23,162.2778393953376,62.91809733987519,10707.956870424521,18-30
681,66,172.07585727528524,89.42971621795668,50926.55022970082,51-70
682,40,173.95660576468117,54.86550386641679,47054.59422080354,31-50
683,49,164.70005877522507,68.84035431497412,36218.35665973039,31-50
684,41,160.9685613763746,67.96155903625059,22600.479223157658,31-50
685,41,165.38088492031616,62.93915080186692,21728.442382389872,31-50
686,26,173.62217284624757,65.42169542890153,25887.76942899196,18-30
687,32,177.33363548665983,59.51287440835104,18560.79214823521,31-50
688,49,174.4327321433523,92.9379257039604,28202.621457968038,31-50
689,32,166.79886404790633,70.7607935608584,32261.667239442257,31-50
690,41,156.904882024079,91.40339302638807,39516.939495143,31-50
691,20,162.86808294843863,58.814815340394226,15028.570578833296,18-30
692,49,168.61847014287528,70.26008910909323,31604.82001833698,31-50
693,68,158.71313181513872,80.21070677505327,39649.24425701567,51-70
694,20,164.45720754100319,63.715898978801974,19673.755666627207,18-30
695,48,168.88881472796362,75.50352452107269,47501.48817120837,31-50
696,38,163.75990091761273,74.05976837697457,30182.050786760537,31-50
697,40,181.44425561758018,81.78737322710639,34249.0502892783,31-50
698,59,169.5067481507469,83.71434595666722,47064.7293268434,51-70
699,38,176.49806828532098,76.79377798634744,18534.666222538635,31-50
700,46,175.37303575001232,81.41270772601425,20057.68513770432,31-50
701,41,169.53388641130746,59.49162242156576,36647.363909202635,31-50
702,68,176.87357378299993,81.07920284129577,16731.040823977582,51-70
703,47,155.39429897155264,82.35830186002329,26904.121289456372,31-50
704,55,176.00755384651538,69.53734754996474,30273.736281076588,51-70
705,30,178.85412786062602,66.85409056168683,27747.860550002795,18-30
706,67,166.67686557306328,63.25638399785754,32722.84644845187,51-70
707,47,184.69153198990458,67.69636440016905,43808.29880371668,31-50
708,28,180.5087978890586,75.08890673787607,21421.37300173774,18-30
709,44,175.09274949690243,89.43136289693388,35514.41405748271,31-50
710,28,203.9784425964901,73.09109896449007,41267.99448378765,18-30
711,24,182.6744424270849,62.44027725525427,23558.941439621623,18-30
712,62,167.58867267491235,43.8047537111993,48060.125111967136,51-70
713,56,165.2491295591937,58.12319069051182,39878.9561237097,51-70
714,33,186.68651963884264,69.53734754996474,31629.605569398565,31-50
715,21,178.32003772787672,79.25476067856303,30387.246345360658,18-30
716,40,167.57389076269217,84.26829957775531,50384.80707585084,31-50
717,65,164.48482015051346,88.68832727154023,32966.64130476913,51-70
718,28,173.77292869226568,50.59540456755185,16603.12497286546,18-30
719,61,161.74739355509558,84.52435580163588,41991.74033966979,51-70
720,36,169.37958211697497,83.03357112359987,33748.62632535809,31-50
721,36,169.37958211697497,71.7925698053393,41184.08610568075,31-50
722,62,166.095947486728,44.71531001415559,32676.766087449367,51-70
723,57,171.55362128681267,61.98058428214254,28150.422608109868,51-70
724,58,188.09783465622328,67.92621653151605,24907.57547406003,51-70
725,60,170.31660063207906,69.53734754996474,18409.321049652885,51-70
726,52,168.5694697539162,78.21780721765357,35321.81323612001,51-70
727,40,163.18492239751762,64.81500966990154,31482.83962582203,31-50
728,38,168.49397099169425,82.9127023844408,29715.600494010258,31-50
729,56,156.95852457154606,80.93519030459046,36979.88244959532,51-70
730,21,175.2652082096687,75.25033005277713,34243.13903018902,18-30
731,24,151.7094615235578,92.00572364953472,29729.626540039564,18-30
732,45,169.95377409606198,80.95854425215032,36649.70427610818,31-50
733,64,154.93957902415048,42.52452450622917,28996.64391006183,51-70
734,21,174.22193383432864,49.16763971216559,27698.349044617535,18-30
735,49,161.8140991685969,61.38031202154093,20292.402674584257,31-50
736,22,186.21147745554254,36.57670311762229,29886.701303622875,18-30
737,59,160.9394432157784,79.2882786152948,30902.18429534315,51-70
738,45,189.00655881128634,65.1122646412963,38578.089830463796,31-50
739,59,158.79476755480178,62.45590209742785,34094.817440834726,51-70
740,56,170.93579180270814,89.5211100300294,34035.65080022587,51-70
741,31,153.52501442971794,73.35965270479173,28026.742976488393,31-50
742,39,169.62649870220613,87.66471831132247,32376.61799687883,31-50
743,44,172.30968013273784,79.62728372289054,24810.861494550372,31-50
744,19,158.60812545907046,69.53734754996474,29326.116111398227,18-30
745,34,178.8655444152637,49.15578701854186,31329.82470827996,31-50
746,52,159.50056112970276,63.22572571483269,16819.95490192405,51-70
747,67,178.52455401076978,86.44860465929771,50469.883334396654,51-70
748,67,161.86863634583398,73.94528882146096,23163.997258281157,51-70
749,69,168.05361318407185,47.54797002658809,34192.06958915542,51-70
750,23,171.05929340976343,57.76191668869684,39278.76238374963,18-30
751,40,167.33565590784497,85.88487907427341,45433.1558504645,31-50
752,66,181.7097578262712,97.12186845006656,33567.63395468235,51-70
753,45,177.90447641029962,71.03083210559919,33509.18085349694,31-50
754,66,170.65648765898106,87.9395395584022,48344.476003134245,51-70
755,24,170.6823313787226,68.113516920966,26980.741830349718,18-30
756,21,174.31159739337295,38.95249622270326,10608.023684425458,18-30
757,26,178.4106390879187,78.66029662775398,10945.851084779486,18-30
758,67,164.18411206453115,64.38160678063421,36231.216301686785,51-70
759,30,180.02395737271462,53.615229342668144,49827.35006486731,18-30
760,27,184.10591012249154,84.24448496225095,21019.182033569094,18-30
761,56,161.92030737783128,27.52033004037662,20619.970234900575,51-70
762,34,169.16401745018342,35.57445224978424,22033.558977955785,31-50
763,49,182.48820038811712,76.82308338460706,21306.62344303007,31-50
764,21,179.903982543302,54.47310301108607,13482.420507585986,18-30
765,60,168.56043269824974,58.31597788040836,25144.35887180191,51-70
766,22,168.36915459281613,76.7683853603856,29024.02463718846,18-30
767,65,162.69496463122488,70.64944058584554,21459.82337993776,51-70
768,18,189.27989149108302,82.95067585748045,32199.585944515835,18-30
769,38,175.68008609880036,69.53734754996474,10623.203154740026,31-50
770,18,175.9785975663723,79.72805339037505,20009.09747341824,18-30
771,40,171.46451649271108,69.53734754996474,27895.402286764027,31-50
772,46,173.31911137009797,55.65252851132414,35282.562746706295,31-50
773,32,174.6283992454371,56.51351525535178,25896.12204935891,31-50
774,54,172.98035907256445,60.933116591064234,40602.25506567825,51-70
775,59,171.9712429375959,80.25412784990938,35346.278846675734,51-70
776,52,176.40604952430365,48.17309098553676,45194.178214505984,51-70
777,59,169.271947572922,78.52031523380492,43284.24418576977,51-70
778,58,159.00180639669622,68.52069237630859,42020.64469462627,51-70
779,43,184.22474298098518,78.72120407514089,33597.80692260641,31-50
780,18,189.25347962749555,63.96041544600475,40597.45624564838,18-30
781,24,159.34603445279103,85.33869928868172,22958.4532346077,18-30
782,41,169.37958211697497,58.063841480390664,23312.90961255498,31-50
783,37,164.73133629542275,71.82605860191093,32613.663784099124,31-50
784,30,163.59778300382985,70.70090942526869,30644.101328099678,18-30
785,62,167.78268945829348,58.41155772745422,34682.50189561678,51-70
786,39,154.2945063785911,57.248271939679114,27781.836231852598,31-50
787,69,174.8270026080065,56.63470927734477,32620.54413525743,51-70
788,40,162.22058114682662,56.111618403566844,27226.355965844858,31-50
789,33,143.50947163570854,64.06555327015604,34044.70639580722,31-50
790,28,157.75440356954002,66.71646835847208,37559.27459482401,18-30
791,31,166.85451138838596,78.02195796345299,50657.96410127564,31-50
792,48,195.7742486114898,73.43064295834107,12985.698158237683,31-50
793,25,150.8430468684042,69.53734754996474,38823.245291944724,18-30
794,37,157.060917061871,74.11749754508287,40582.54327537217,31-50
795,68,182.81372802346417,56.286248204093894,37304.6961427853,51-70
796,35,169.37958211697497,65.26314060575857,20583.774705779342,31-50
797,33,166.33394938606745,42.57608203078861,22290.37951206404,31-50
798,34,184.06908106452732,39.98744053550202,26239.78357289077,31-50
799,33,178.40533571672955,71.96005491864729,39843.39857868501,31-50
800,64,175.2109366460682,72.2525821557646,33772.02043236092,51-70
801,61,150.93150170282814,41.17747470780333,33273.34543682606,51-70
802,61,181.02776862324978,79.99879112591896,22080.63871827847,51-70
803,43,165.0468316701681,66.6289506643768,28409.68920800765,31-50
804,32,174.73178431093302,87.8237092947527,31844.783881657146,31-50
805,21,168.38647675542998,57.29896308633068,30649.245252021316,18-30
806,32,160.93566862656175,94.89347134923096,37683.144813358274,31-50
807,57,179.73953892729247,78.71452605609475,40943.539465178575,51-70
808,34,163.9596247000354,69.33459660460298,35421.68230228113,31-50
809,62,185.10437216328094,61.51968515451938,21896.75492604411,51-70
810,45,180.16808058525854,56.17868740062248,39965.30399226059,31-50
811,56,171.5996299700019,69.53734754996474,35142.942018627255,51-70
812,23,172.82633929650356,86.23472670323298,26994.975242101682,18-30
813,42,189.7098775069491,80.2581732513211,20986.87959394719,31-50
814,53,165.82941660089367,55.258552623391324,16958.491384107674,51-70
815,39,174.73272366129535,74.05665245023059,22679.88069332283,31-50
816,37,177.56678483754317,60.72636437713326,51135.044618787,31-50
817,26,173.96473056799255,35.57288277926551,36502.91859977317,18-30
818,40,193.90793981469812,46.00828440064163,46595.72425537581,31-50
819,25,176.11862650892624,73.86233973345104,29949.03975427155,18-30
820,65,183.11488724523394,70.87005888918314,45076.00487935361,51-70
821,39,171.69980470196802,66.99221692277646,19629.728943590126,31-50
822,63,165.2906409914936,81.52541245063223,35211.313001066505,51-70
823,65,148.09879784419036,31.50255610921475,35352.12929231904,51-70
824,18,172.53386096679816,69.12969338308923,30629.528928801992,18-30
825,54,162.9444022550725,102.28051361711368,27939.40642725187,51-70
826,24,169.57410629194587,85.47976366460578,25219.94981831524,18-30
827,64,168.88948318643068,97.27061018720462,19236.283178814672,51-70
828,54,168.47743307510794,75.3200371303109,28227.340511866245,51-70
829,66,148.88083466534812,69.22759045895484,18163.32315428376,51-70
830,59,176.80736462209373,59.15877631154309,38733.80197570511,51-70
831,57,172.93635690086566,61.6061020470608,38658.65184653435,51-70
832,42,183.02288655109137,70.7580532517486,24716.886079079813,31-50
833,37,160.27066150204993,55.877585244574384,25397.436191123077,31-50
834,57,178.65275499278243,68.56978134963931,36620.186453300754,51-70
835,34,166.5123570925548,72.46550077797836,31032.639953514532,31-50
836,63,170.78777945242817,73.19890380581558,38332.639578171016,51-70
837,34,169.98398884692543,63.90888034609217,29905.605082539758,31-50
838,25,168.19327948171343,89.69611362319311,32050.438618313616,18-30
839,23,155.6666040999465,59.69618612895031,22797.618694431516,18-30
840,67,170.69836572253104,69.1943102106603,29025.346752734848,51-70
841,42,160.58802161089113,82.27094104536613,49772.14009085498,31-50
842,28,162.79416722777881,73.00531608250064,24891.990380088584,18-30
843,47,179.92524117516345,67.9273548155365,29394.13212430057,31-50
844,65,185.44419231991026,49.53524874285725,33064.95898055801,51-70
845,23,169.6077969590221,84.04448573640575,30396.165623519595,18-30
846,45,157.58831202149787,66.56490932786505,10118.279798075047,31-50
847,30,181.05781016045117,78.80450737417823,26836.69051767291,18-30
848,46,167.08094650905963,70.39741061331065,30339.042657439903,31-50
849,31,190.17596034364266,36.92484649521135,26979.053729089253,31-50
850,32,182.12698739158694,72.33881214057851,35136.05793554518,31-50
851,64,190.21123281727762,59.96227884601555,23916.860003447073,51-70
852,67,178.3011525420098,60.889463429329425,23087.591081593095,51-70
853,55,151.8097568721456,47.07060344782457,12725.810447159573,51-70
854,49,167.17239953611013,49.95349741282199,38722.39690798223,31-50
855,36,163.16559370821022,51.92707740995819,32642.076447767096,31-50
856,23,178.20747673701138,80.3214007653389,45569.71623754063,18-30
857,54,155.2381777721268,69.53734754996474,25093.04156986034,51-70
858,40,169.37958211697497,74.07992747023276,22615.226156683282,31-50
859,45,165.08306300029858,86.26131764246644,16488.1257985919,31-50
860,49,149.9398680824137,96.72681308154026,19321.541628920786,31-50
861,35,157.91095963043176,76.35980262400155,15956.591779727989,31-50
862,39,165.62102125462584,54.13375870178044,42362.472957460704,31-50
863,30,165.03204674069855,60.44031363761815,26848.00876719751,18-30
864,35,178.46636096439522,75.50350065472882,11259.336864525743,31-50
865,61,176.76245412899917,51.43482328062079,36282.315075900835,51-70
866,55,179.77674524552202,71.67444548463978,27573.81726147215,51-70
867,19,152.23722772676513,77.54699439559724,33171.16736492576,18-30
868,46,159.1164198322574,86.42703832254595,27983.556176282327,31-50
869,18,174.03932877168458,77.88821752718394,40014.10305247469,18-30
870,22,160.5269178612434,53.34524687608349,10418.008383763408,18-30
871,66,184.44599751081296,70.70279198766946,29401.575970572936,51-70
872,34,156.4192524798855,61.251093275784505,41187.15063294045,31-50
873,62,159.3620017977702,60.28746212421578,28874.674436316785,51-70
874,24,171.44443347041084,78.53883140407373,29254.86341135468,18-30
875,25,167.19410589196485,61.59319274067593,46120.009982428855,18-30
876,43,170.80929519082622,105.6443752537727,12553.44068041331,31-50
877,20,162.19617454256647,68.12233443525506,25808.25229563071,18-30
878,50,159.74548842716197,78.6476215545478,38669.10254127566,31-50
879,47,154.88134611590763,69.01819639553489,32853.79043037308,31-50
880,46,174.99812056142505,97.49340119391445,17813.93051144718,31-50
881,44,144.42101718106565,85.41958194792403,47491.70426789634,31-50
882,56,177.73863916875,100.57703406048152,23719.65369341418,51-70
883,51,175.99654214710486,76.69214787748813,13216.004407575136,51-70
884,68,168.1926114327803,83.95300991681117,24860.579069060448,51-70
885,30,172.1969259761451,69.53734754996474,26911.417976620174,18-30
886,39,160.43772164828877,67.91917516307696,32073.701333332807,31-50
887,29,173.1539682657067,65.44157220234219,38823.56907730106,18-30
888,32,160.6705584565067,80.90907267865012,15598.209516207908,31-50
889,35,154.67038417358262,53.04618909719717,13322.556437365736,31-50
890,49,166.01154732825472,68.2162853972716,30891.808974980853,31-50
891,36,169.37958211697497,63.53406696756416,21466.495507840013,31-50
892,33,180.80101192009442,77.65233379088058,25652.747500141344,31-50
893,48,186.75207623931323,58.46769029639006,31826.57269820016,31-50
894,59,160.59043104744111,51.633310298947336,26383.19023372365,51-70
895,58,172.33794158581304,81.25171859238887,48045.19754204699,51-70
896,38,168.68328571663318,47.66860902727562,32976.54974848989,31-50
897,30,162.82472423102325,51.30727477206088,32736.45587271388,18-30
898,29,161.3748920210432,33.742919509336005,12885.40696881217,18-30
899,31,173.19344530889853,61.728673831851374,37143.15863868626,31-50
900,26,179.01495578946023,92.35574601025874,43082.30068689959,18-30
901,62,172.0015067577861,63.916051982379834,30931.69002250301,51-70
902,58,141.59016032192352,53.63339760749972,33389.56077402807,51-70
903,32,169.37958211697497,69.53734754996474,29813.00183500053,31-50
904,58,167.4301920559638,69.56609414590665,14207.276998261312,51-70
905,32,184.40671166346382,63.794181421621936,29720.013810026707,31-50
906,35,174.40330726171877,74.3531819011031,40842.36404298579,31-50
907,31,169.79083045511746,71.33092808478582,13263.691728830192,31-50
908,37,179.48388832379692,79.94918347561543,34216.13106693016,31-50
909,40,165.62279871886835,48.46308593091929,26284.777140018174,31-50
910,47,156.41732131243796,69.53734754996474,22744.75928702515,31-50
911,38,177.40046373055338,65.04553080891138,4933.162297862622,31-50
912,62,188.33356107344713,80.59202030339196,34349.69606104564,51-70
913,62,155.43187774333757,82.26973174137859,33511.580205815284,51-70
914,29,160.91373455708646,56.97451776332827,36582.110281355446,18-30
915,27,175.6622408886587,103.9924764030709,42944.2197658589,18-30
916,40,169.37958211697497,67.5217849566856,38996.179292686465,31-50
917,69,171.59899987311962,52.587909969908296,24525.60643337549,51-70
918,45,154.17594561097883,88.43228305063373,30322.029852145595,31-50
919,53,168.7165518441917,69.53734754996474,28767.47228560393,51-70
920,68,179.0711382768061,77.91091606035867,38180.63337469753,51-70
921,61,177.34273676340237,82.06855000450192,43382.79093511603,51-70
922,39,166.70877448199172,64.01386095901076,24118.75064125835,31-50
923,43,152.96395103041425,83.5068116429494,29010.896014859656,31-50
924,29,169.99911314217584,60.628648114936915,35301.1210069173,18-30
925,51,163.93075273034052,58.67213534534646,27339.681623166063,51-70
926,57,172.28404621968374,47.84728095516181,31317.426691104523,51-70
927,68,183.73065417395898,91.78105556924197,33197.11334252228,51-70
928,55,160.8734547808219,52.32489991244702,17832.64881835298,51-70
929,49,174.6970828042887,65.06199381758813,9526.623065744261,31-50
930,34,165.55701095006873,65.70772226037731,41934.34935422636,31-50
931,42,181.49551165345503,91.05086798421767,47901.966600399166,31-50
932,41,164.1781003139184,77.18018567883594,30445.624426662478,31-50
933,64,169.37958211697497,95.86147500414758,41751.80796535558,51-70
934,57,164.47716776163236,39.84784936913161,43269.9960542294,51-70
935,20,163.1039842744771,60.00178157534071,16078.46217863572,18-30
936,20,169.37958211697497,83.71618042400596,18083.686927660332,18-30
937,61,165.73079796993167,69.53734754996474,27406.8926850096,51-70
938,63,177.2567534282266,77.4284055310281,35638.03136167383,51-70
939,69,179.97865011355927,75.4926839345103,27579.204952075535,51-70
940,27,165.96553490079646,69.53734754996474,33314.798633604274,18-30
941,19,171.2244763886174,92.89149926910753,13245.101130323736,18-30
942,19,163.72234083463664,61.89156758202686,9529.869424275537,18-30
943,65,173.84308271460242,73.46847993611146,39944.93565083923,51-70
944,23,155.0503042993879,100.2374889538807,45867.71365888241,18-30
945,36,173.85905507375935,30.19184579460343,43164.785979647655,31-50
946,21,169.37958211697497,68.71012245989628,22973.580355453072,18-30
947,31,189.0720932975021,80.50127790628146,34101.74050929258,31-50
948,42,167.97743749496834,69.53734754996474,23723.317781400663,31-50
949,21,173.82480645603684,72.35516105694532,7104.112236699861,18-30
950,42,160.6650509300888,48.82504191483946,32833.03237116814,31-50
951,29,167.79296245856844,32.074877327518024,33972.85246515502,18-30
952,66,160.8764222236714,84.69883670258425,34068.06385340418,51-70
953,28,160.65133065001856,84.46040557381697,20546.14815360625,18-30
954,21,160.17551269120486,65.65699963106921,32151.77677022378,18-30
955,34,162.65143920496192,48.04307853493082,12690.897386416982,31-50
956,34,183.9425408145341,74.55634423395139,23773.264034538202,31-50
957,50,156.25016564589194,69.53734754996474,18984.889624723437,31-50
958,64,164.97347601363325,73.07182788351743,17701.437127404355,51-70
959,55,183.69591757374516,50.89542679528857,23215.286633504023,51-70
960,32,167.53601539334207,58.57969956634223,14271.438611575406,31-50
961,33,177.43218180519054,77.3301859014861,48864.052408726944,31-50
962,69,163.05210513608657,93.06754867891522,43631.219951161445,51-70
963,55,157.22256396565325,75.91072444124504,28556.58173416497,51-70
964,56,162.86774215257378,60.59630427202463,22732.84869273966,51-70
965,30,149.69520811733014,63.47154418581169,24145.122978738822,18-30
966,54,165.4814136854003,75.49020770176865,27597.171989236787,51-70
967,56,169.37958211697497,81.93821652604672,47332.13035131722,51-70
968,27,169.37958211697497,71.52075049005697,5581.31259030382,18-30
969,52,162.21375552484602,60.924009993454554,46315.05498563466,51-70
970,65,177.94266028655895,71.73249474642297,45611.49907903498,51-70
971,61,169.37958211697497,55.546971846848436,32417.835280223364,51-70
972,38,178.89773033003178,56.33599631785823,38565.38264266499,31-50
973,31,162.78328907780363,34.78225186179472,18480.935608724416,31-50
974,49,163.2305214848282,80.42145585437493,13627.675178858399,31-50
975,54,175.77773592466565,68.57962126019548,38825.20046967114,51-70
976,43,171.25758297069578,56.979401710343154,33243.91612711473,31-50
977,61,177.6387629352982,69.53734754996474,17724.036375563875,51-70
978,33,177.2162106274409,79.89540879086724,23260.86884247036,31-50
979,50,169.37958211697497,60.156150250759055,27318.750625580087,31-50
980,40,179.3400855115812,77.87257361836902,21236.53545671182,31-50
981,28,176.4323842626365,66.41127503219207,34614.056950332786,18-30
982,25,165.93009364542743,105.55516510099898,37908.62628980097,18-30
983,66,145.06808044716033,65.11990777588669,22032.230275235237,51-70
984,33,170.8509606022483,65.21098818888983,34647.46180976933,31-50
985,22,182.3268591678721,74.29281135978806,35381.209958971805,18-30
986,67,187.625760935736,32.95593457057759,25028.33338292575,51-70
987,67,169.37958211697497,69.60404987308019,9748.672674997637,51-70
988,34,149.49943272950117,44.82865080243634,39021.31124568026,31-50
989,56,151.03250316559684,76.36355736733323,40701.093465084974,51-70
990,44,174.05816160616544,71.90021225447913,38877.44892845595,31-50
991,42,168.16405031318703,70.02637865492187,33975.938484797894,31-50
992,24,157.59144104678842,43.629087717336546,36453.2104195491,18-30
993,67,172.1401124774106,61.40765175524207,36632.32805875301,51-70
994,59,164.45320985661974,81.22895881852327,36899.03804809904,51-70
995,18,174.12257756491874,82.09082612893758,21883.16840023049,18-30
996,43,153.2154529930468,46.53498835846838,35798.06483731488,31-50
997,52,160.0668184344442,55.884173402044986,30797.12866411698,51-70
998,37,163.7861683715773,77.06266322740363,19201.96247663581,31-50
999,66,160.0094784188965,67.1973646253128,32977.692558543946,51-70
